{
  "Total" : {
    "transaction" : "Total",
    "sampleCount" : 100,
    "errorCount" : 0,
    "errorPct" : 0.0,
    "meanResTime" : 1244.4099999999999,
    "medianResTime" : 1231.0,
    "minResTime" : 582.0,
    "maxResTime" : 1886.0,
    "pct1ResTime" : 1546.8,
    "pct2ResTime" : 1633.3999999999999,
    "pct3ResTime" : 1885.4799999999998,
    "throughput" : 16.017940092904055,
    "receivedKBytesPerSec" : 10167.939498488306,
    "sentKBytesPerSec" : 1.8458173153932402
  },
  "HTTP Request" : {
    "transaction" : "HTTP Request",
    "sampleCount" : 100,
    "errorCount" : 0,
    "errorPct" : 0.0,
    "meanResTime" : 1244.4099999999999,
    "medianResTime" : 1231.0,
    "minResTime" : 582.0,
    "maxResTime" : 1886.0,
    "pct1ResTime" : 1546.8,
    "pct2ResTime" : 1633.3999999999999,
    "pct3ResTime" : 1885.4799999999998,
    "throughput" : 16.017940092904055,
    "receivedKBytesPerSec" : 10167.939498488306,
    "sentKBytesPerSec" : 1.8458173153932402
  }
}