{
  "HTTP Request-1" : {
    "transaction" : "HTTP Request-1",
    "sampleCount" : 40,
    "errorCount" : 40,
    "errorPct" : 100.0,
    "meanResTime" : 657.3499999999997,
    "medianResTime" : 526.5,
    "minResTime" : 352.0,
    "maxResTime" : 950.0,
    "pct1ResTime" : 889.1999999999999,
    "pct2ResTime" : 948.4999999999999,
    "pct3ResTime" : 950.0,
    "throughput" : 7.36105999263894,
    "receivedKBytesPerSec" : 2053.4582604895104,
    "sentKBytesPerSec" : 0.8770012881854987
  },
  "Total" : {
    "transaction" : "Total",
    "sampleCount" : 120,
    "errorCount" : 80,
    "errorPct" : 66.666664,
    "meanResTime" : 563.6749999999997,
    "medianResTime" : 525.5,
    "minResTime" : 61.0,
    "maxResTime" : 1873.0,
    "pct1ResTime" : 1055.8000000000002,
    "pct2ResTime" : 1100.8,
    "pct3ResTime" : 1834.5699999999986,
    "throughput" : 18.788163457022076,
    "receivedKBytesPerSec" : 3498.7988296539847,
    "sentKBytesPerSec" : 2.972346171911696
  },
  "HTTP Request-0" : {
    "transaction" : "HTTP Request-0",
    "sampleCount" : 40,
    "errorCount" : 0,
    "errorPct" : 0.0,
    "meanResTime" : 188.00000000000003,
    "medianResTime" : 149.5,
    "minResTime" : 61.0,
    "maxResTime" : 951.0,
    "pct1ResTime" : 250.5,
    "pct2ResTime" : 726.4499999999989,
    "pct3ResTime" : 951.0,
    "throughput" : 6.823609689525759,
    "receivedKBytesPerSec" : 2.5455262708973048,
    "sentKBytesPerSec" : 0.8063054418287274
  },
  "HTTP Request" : {
    "transaction" : "HTTP Request",
    "sampleCount" : 40,
    "errorCount" : 40,
    "errorPct" : 100.0,
    "meanResTime" : 845.6749999999998,
    "medianResTime" : 646.0,
    "minResTime" : 416.0,
    "maxResTime" : 1873.0,
    "pct1ResTime" : 1183.8999999999999,
    "pct2ResTime" : 1674.5499999999988,
    "pct3ResTime" : 1873.0,
    "throughput" : 6.262721152340692,
    "receivedKBytesPerSec" : 1749.3994148269924,
    "sentKBytesPerSec" : 1.486173085955848
  }
}